query_id,query,prompt_name,answer,context,test_run_id
1,What is Microsoft Fabric?,rag1.prompty,"Microsoft Fabric is an all-in-one analytics solution designed for enterprises. It integrates various components such as data movement, data science, real-time analytics, and business intelligence into a single platform. This comprehensive suite includes services like data lake, data engineering, and data integration, simplifying complex data tasks and workflows within organizations.","） Important
Microsoft Fabric is currently in PREVIEW. This information relates to a prerelease
product that may be substantially modified before it's released. Microsoft makes no
warranties, expressed or implied, with respect to the information provided here.）  Important
Microsoft Fabric is currently in PREVIEW. This information relates to a prerelease
product that may be substantially modified before it's released. Microsoft makes no
warranties, expressed or implied, with respect to the information provided here.
Next stepsLakehouse end-to-end scenario:
overview and architecture
Article• 05/23/2023
Microsoft Fabric is an all-in-one analytics solution for enterprises that covers everything
from data movement to data science, real-time analytics, and business intelligence. It
offers a comprehensive suite of services, including data lake, data engineering, and data
integration, all in one place. For more information, see What is Microsoft Fabric?
This tutorial walks you through an end-to-end scenario from data acquisition to data
consumption. It helps you build a basic understanding of Fabric, including the different
experiences and how they integrate, as well as the professional and citizen developer
experiences that come with working on this platform. This tutorial isn't intended to be a
reference architecture, an exhaustive list of features and functionality, or a
recommendation of specific best practices.
Traditionally, organizations have been building modern data warehouses for their",3ef9e94d-d22a-466d-a5a6-4e2069ccc812
1,What is Microsoft Fabric?,rag2.prompty,"Microsoft Fabric is an all-in-one analytics solution designed for enterprises, facilitating a comprehensive range of services from data movement to data science, and including real-time analytics and business intelligence. It integrates functionalities such as data lake, data engineering, and data integration into a unified platform, aiming to streamline various data processes in one place.","） Important
Microsoft Fabric is currently in PREVIEW. This information relates to a prerelease
product that may be substantially modified before it's released. Microsoft makes no
warranties, expressed or implied, with respect to the information provided here.）  Important
Microsoft Fabric is currently in PREVIEW. This information relates to a prerelease
product that may be substantially modified before it's released. Microsoft makes no
warranties, expressed or implied, with respect to the information provided here.
Next stepsLakehouse end-to-end scenario:
overview and architecture
Article• 05/23/2023
Microsoft Fabric is an all-in-one analytics solution for enterprises that covers everything
from data movement to data science, real-time analytics, and business intelligence. It
offers a comprehensive suite of services, including data lake, data engineering, and data
integration, all in one place. For more information, see What is Microsoft Fabric?
This tutorial walks you through an end-to-end scenario from data acquisition to data
consumption. It helps you build a basic understanding of Fabric, including the different
experiences and how they integrate, as well as the professional and citizen developer
experiences that come with working on this platform. This tutorial isn't intended to be a
reference architecture, an exhaustive list of features and functionality, or a
recommendation of specific best practices.
Traditionally, organizations have been building modern data warehouses for their",3ef9e94d-d22a-466d-a5a6-4e2069ccc812
2,"How does Microsoft Fabric's architecture facilitate data integration and transformation across different data sources, and what are the implications for data consistency and reliability?",rag1.prompty,"Microsoft Fabric's architecture is designed to facilitate seamless data integration and transformation across a variety of data sources through its robust services and features:

1. **Data Integration:**
   - **Connectivity with Data Sources:** Fabric supports direct connections to Azure Data Services, other cloud-based platforms, and on-premises data sources. This broad connectivity is aided by over 200 native connectors, simplifying data ingestion from diverse sources.
   - **Shortcut feature:** This feature allows direct access to existing data, bypassing the need for data duplication or extensive data movement, which helps in maintaining the integrity and security of the original data.

2. **Data Transformation:**
   - **Drag-and-Drop Data Transformation:** Within the Fabric interface, users can utilize a user-friendly drag-and-drop interface for data transformation tasks, simplifying the process of preparing data for analysis.
   - **Dataflow:** Facilitates the flow of data through various transformation processes, streamlining complex data operations into manageable parts within pipelines.

3. **Storage and Consistency:**
   - **Delta Lake Format:** Fabric standardizes the storage of data in the Delta Lake format within the OneLake storage system. Delta Lake provides ACID transactions which enhance the consistency, reliability, and integrity of data.
   - **Unified Data Access:** All Fabric engines can access and manipulate datasets stored in OneLake without duplicating data, which improves consistency and operational efficiency.

4. **Architecture Flexibility:**
   - Users can choose to implement a lakehouse architecture using either a medallion architecture or a data mesh approach. This provides flexibility depending on organizational requirements and can influence data governance, consistency, and availability.

### Implications for Data Consistency and Reliability
- **Increased Consistency:** With all data engines accessing the same version of data in a unified format (Delta Lake), data anomalies due to multiple data versions are significantly reduced, improving data consistency across the organization.
- **Improved Reliability:** Utilizing ACID transactions in Delta Lake ensures that data operations are processed reliably, maintaining data integrity even across large-scale operations.
- **Efficient Change Management:** The Delta Lake storage format allows for efficient handling of change data capture (CDC), ensuring that updates are managed cleanly and reliably.

In conclusion, Microsoft Fabric's architecture supports robust data integration and transformation capabilities that not only streamline operations but also enhance the consistency and reliability of enterprise data management.","Lakehouse end-to-end scenario:
overview and architecture
Article• 05/23/2023
Microsoft Fabric is an all-in-one analytics solution for enterprises that covers everything
from data movement to data science, real-time analytics, and business intelligence. It
offers a comprehensive suite of services, including data lake, data engineering, and data
integration, all in one place. For more information, see What is Microsoft Fabric?
This tutorial walks you through an end-to-end scenario from data acquisition to data
consumption. It helps you build a basic understanding of Fabric, including the different
experiences and how they integrate, as well as the professional and citizen developer
experiences that come with working on this platform. This tutorial isn't intended to be a
reference architecture, an exhaustive list of features and functionality, or a
recommendation of specific best practices.
Traditionally, organizations have been building modern data warehouses for theirData sources: Fabric makes it quick and easy to connect to Azure Data Services, as
well as other cloud-based platforms and on-premises data sources, for streamlined
data ingestion.
Ingestion: You can quickly build insights for your organization using more than
200 native connectors. These connectors are integrated into the Fabric pipeline
and utilize the user-friendly drag-and-drop data transformation with dataflow.
Additionally, with the Shortcut feature in Fabric you can connect to existing data,
without having to copy or move it.
Transform and store: Fabric standardizes on Delta Lake format. Which means all
the Fabric engines can access and manipulate the same dataset stored in OneLake
without duplicating data. This storage system provides the flexibility to build
lakehouses using a medallion architecture or a data mesh, depending on your
organizational requirement. You can choose between a low-code or no-codeWhat is Data engineering in Microsoft
Fabric?
Article• 05/23/2023
Data engineering in Microsoft Fabric enables users to design, build, and maintain
infrastructures and systems that enable their organizations to collect, store, process, and
analyze large volumes of data.
Microsoft Fabric provides various data engineering capabilities to ensure that your data
is easily accessible, well-organized, and of high-quality. From the data engineering
homepage, you can:
Create and manage your data using a lakehouse
Design pipelines to copy data into your lakehouse
Use Spark Job definitions to submit batch/streaming job to Spark cluster
Use notebooks to write code for data ingestion, preparation, and transformation
Lakehouses are data architectures that allow organizations to store and manage
structured and unstructured data in a single location, using various tools and
frameworks to process and analyze that data. This can include SQL-based queries and",3ef9e94d-d22a-466d-a5a6-4e2069ccc812
2,"How does Microsoft Fabric's architecture facilitate data integration and transformation across different data sources, and what are the implications for data consistency and reliability?",rag2.prompty,"Microsoft Fabric's architecture facilitates data integration and transformation across different data sources primarily through its comprehensive suite of services and features designed to streamline these processes efficiently. Here’s how it works:

1. **Data Integration with Variety of Sources:**
   - Fabric offers connectivity to a wide range of data sources, including Azure Data Services, other cloud platforms, and on-premises systems. This is achieved via more than 200 native connectors, ensuring that different data sources can be easily and quickly integrated without major compatibility issues.

2. **Unified Data Management:**
   - By standardizing on the Delta Lake format and storing all datasets in OneLake, Microsoft Fabric ensures that all data engines can access and manipulate the same dataset without the need to duplicate data. This uniform data format and centralized storage significantly enhance data consistency across the system.

3. **Transformation Tools:**
   - The platform supports easy-to-use data transformation tools, such as drag-and-drop dataflow capabilities and the Shortcut feature, which allows connecting to existing datasets without the need for redundant data movement. These tools help in the seamless transformation of data, making it suitable for further analysis.

### Implications for Data Consistency and Reliability

- **Improved Data Consistency:** The use of a unified storage model (Delta Lake in OneLake) means that data is only stored once but can be accessed and manipulated by various Fabric tools and services. This significantly reduces the risks of data inconsistencies that typically arise from data duplication.

- **Increased Reliability:**
   - The centralized data management and standardized processes enhance the reliability of data operations. Data is managed in a controlled environment with consistent formats and protocols.
   - Reliability is further supported by Microsoft’s robust cloud infrastructure, which ensures high availability and fault tolerance.

By integrating these architecture and operational features, Microsoft Fabric not only simplifies the processes of data integration and transformation but also builds a robust foundation for maintaining high standards of data consistency and reliability. This architecture supports enterprises in achieving scalable and efficient data operations, ultimately enhancing decision-making and operational capabilities.","Lakehouse end-to-end scenario:
overview and architecture
Article• 05/23/2023
Microsoft Fabric is an all-in-one analytics solution for enterprises that covers everything
from data movement to data science, real-time analytics, and business intelligence. It
offers a comprehensive suite of services, including data lake, data engineering, and data
integration, all in one place. For more information, see What is Microsoft Fabric?
This tutorial walks you through an end-to-end scenario from data acquisition to data
consumption. It helps you build a basic understanding of Fabric, including the different
experiences and how they integrate, as well as the professional and citizen developer
experiences that come with working on this platform. This tutorial isn't intended to be a
reference architecture, an exhaustive list of features and functionality, or a
recommendation of specific best practices.
Traditionally, organizations have been building modern data warehouses for theirData sources: Fabric makes it quick and easy to connect to Azure Data Services, as
well as other cloud-based platforms and on-premises data sources, for streamlined
data ingestion.
Ingestion: You can quickly build insights for your organization using more than
200 native connectors. These connectors are integrated into the Fabric pipeline
and utilize the user-friendly drag-and-drop data transformation with dataflow.
Additionally, with the Shortcut feature in Fabric you can connect to existing data,
without having to copy or move it.
Transform and store: Fabric standardizes on Delta Lake format. Which means all
the Fabric engines can access and manipulate the same dataset stored in OneLake
without duplicating data. This storage system provides the flexibility to build
lakehouses using a medallion architecture or a data mesh, depending on your
organizational requirement. You can choose between a low-code or no-codeWhat is Data engineering in Microsoft
Fabric?
Article• 05/23/2023
Data engineering in Microsoft Fabric enables users to design, build, and maintain
infrastructures and systems that enable their organizations to collect, store, process, and
analyze large volumes of data.
Microsoft Fabric provides various data engineering capabilities to ensure that your data
is easily accessible, well-organized, and of high-quality. From the data engineering
homepage, you can:
Create and manage your data using a lakehouse
Design pipelines to copy data into your lakehouse
Use Spark Job definitions to submit batch/streaming job to Spark cluster
Use notebooks to write code for data ingestion, preparation, and transformation
Lakehouses are data architectures that allow organizations to store and manage
structured and unstructured data in a single location, using various tools and
frameworks to process and analyze that data. This can include SQL-based queries and",3ef9e94d-d22a-466d-a5a6-4e2069ccc812
3,"Describe the role of Data Pipelines in Microsoft Fabric. How do they interact with other components such as Data Lakes and Warehouses, and what are the key considerations for optimizing their performance and efficiency?",rag1.prompty,"In Microsoft Fabric, data pipelines play a crucial role by facilitating the movement and transformation of data from various sources to storage systems like data lakes and warehouses. These pipelines are essential for automating and organizing the flow of data, ensuring it is available where and when it's needed for analysis.

### Interaction with Data Lakes and Warehouses:
- **Data Ingestion**: Pipes collect data from multiple sources including on-premises and cloud-based platforms. Using connectors, they efficiently transfer this data into storage systems like Data Lakes.
- **Transformation**: As data moves through the pipeline, it can be cleaned, transformed, and organized before being stored in a lakehouse or a data warehouse. This ensures that the data stored is of high quality and ready for analysis.
- **Storage**: Data pipelines deliver processed data into storage solutions such as Delta Lake within Microsoft Fabric, where it is maintained in a format that supports both high-performance queries and machine learning workloads.

### Key Considerations for Optimizing Performance and Efficiency:
1. **Scalability**: Design pipelines that can scale automatically based on workloads to handle increases in data volume without degradation in performance.
2. **Data Quality**: Implement checks within pipelines to ensure accuracy and consistency of data. This reduces errors downstream and improves the reliability of data-driven decisions.
3. **Real-time Processing**: To support timely insights, optimize pipelines for real-time data processing, allowing for quicker response times and decision-making.
4. **Resource Management**: Monitor and manage computational resources effectively. Use cloud-native features in Microsoft Fabric to allocate resources dynamically based on the pipeline's demand.
5. **Security and Compliance**: Ensure that data pipelines comply with relevant data protection regulations. Secure data both in transit and at rest, controlling access through robust authentication and authorization mechanisms.
6. **Maintenance and Monitoring**: Regularly monitor pipeline performance to identify and resolve bottlenecks or failures. Implement logging and alerting to maintain high operational standards.

By focusing on these aspects, data pipelines in Microsoft Fabric can be optimized to deliver high efficiency and performance, driving better insights and value from the data collected and processed.","What is Data engineering in Microsoft
Fabric?
Article• 05/23/2023
Data engineering in Microsoft Fabric enables users to design, build, and maintain
infrastructures and systems that enable their organizations to collect, store, process, and
analyze large volumes of data.
Microsoft Fabric provides various data engineering capabilities to ensure that your data
is easily accessible, well-organized, and of high-quality. From the data engineering
homepage, you can:
Create and manage your data using a lakehouse
Design pipelines to copy data into your lakehouse
Use Spark Job definitions to submit batch/streaming job to Spark cluster
Use notebooks to write code for data ingestion, preparation, and transformation
Lakehouses are data architectures that allow organizations to store and manage
structured and unstructured data in a single location, using various tools and
frameworks to process and analyze that data. This can include SQL-based queries andTell us about your PDF experience.
Data Engineering documentation in
Microsoft Fabric
Data engineering in Microsoft Fabric enables users to design, build, and maintain
infrastructures and systems that enable their organizations to collect, store, process, and
analyze large volumes of data.
About Data Engineering
ｅ OVERVIEW
What is Data engineering?
What is a lakehouse?
Workspace roles and permissions
Get started with lakehouse
ｂ GET STARTED
Create a lakehouse
Navigate the lakehouse explorer
ｃ HOW-TO GUIDE
Get data into lakehouse using notebook
Get started with notebooks
ｂ GET STARTED
Microsoft Fabric notebooks
ｃ HOW-TO GUIDE
Build and manage notebooks
Explore lakehouse data with a notebookData sources: Fabric makes it quick and easy to connect to Azure Data Services, as
well as other cloud-based platforms and on-premises data sources, for streamlined
data ingestion.
Ingestion: You can quickly build insights for your organization using more than
200 native connectors. These connectors are integrated into the Fabric pipeline
and utilize the user-friendly drag-and-drop data transformation with dataflow.
Additionally, with the Shortcut feature in Fabric you can connect to existing data,
without having to copy or move it.
Transform and store: Fabric standardizes on Delta Lake format. Which means all
the Fabric engines can access and manipulate the same dataset stored in OneLake
without duplicating data. This storage system provides the flexibility to build
lakehouses using a medallion architecture or a data mesh, depending on your
organizational requirement. You can choose between a low-code or no-code",3ef9e94d-d22a-466d-a5a6-4e2069ccc812
3,"Describe the role of Data Pipelines in Microsoft Fabric. How do they interact with other components such as Data Lakes and Warehouses, and what are the key considerations for optimizing their performance and efficiency?",rag2.prompty,"In Microsoft Fabric, **data pipelines** play a crucial role in efficiently moving data from various sources to data lakes and warehouses for storage, processing, and analysis.

### Interaction with Data Lakes and Warehouses
- **Data Ingestion:** Data pipelines are primarily used to ingest data from various sources, including both cloud-based platforms and on-premise systems, into a data lake or warehouse. In Fabric, this is often facilitated by over 200 native connectors that streamline the ingestion process.
- **Data Integration:** Once data is ingested, it can be integrated and transformed using Fabric’s data transformation tools. These pipelines can automate the process of cleaning, transforming, and loading data (ETL) directly into Data Lakes, such as those housed in Fabric’s lakehouse architecture, or into Data Warehouses.
- **Data Management:** Pipelines interact with storage configurations like Delta Lake format in Fabric, ensuring that any data movement or transformation adheres to the defined storage and consistency models. They help maintain a single source of truth within lakehouses or warehouses.

### Key Considerations for Optimizing Performance and Efficiency
- **Data Processing Techniques:** Using efficient data processing approaches like stream processing for real-time data needs or batch processing for less time-sensitive data can profoundly affect performance.
- **Resource Management:** Efficient allocation and scaling of computational resources in Spark clusters, or other processing engines, through Fabric help handle varying loads effectively.
- **Pipeline Design:** Optimally designing the pipeline’s components, such as choosing the right connectors, and minimizing data redundancy and transformation logic, can improve efficiency.
- **Monitoring and Tuning:** Regular monitoring of pipeline performance and adapting configurations, such as adjusting parallelism or in-memory data handling tactics, based on usage patterns enhances efficiency.
- **Error Handling:** Implementing robust error handling and retry mechanisms within data pipelines ensures data integrity and continuity of data flows. This also avoids the pipeline failures impacting downstream analytics.

By addressing these considerations, data pipelines in Microsoft Fabric can effectively support the overarching data management strategy, ensuring data is not only collected but also delivered in an insightful and actionable manner to data lakes and warehouses.","What is Data engineering in Microsoft
Fabric?
Article• 05/23/2023
Data engineering in Microsoft Fabric enables users to design, build, and maintain
infrastructures and systems that enable their organizations to collect, store, process, and
analyze large volumes of data.
Microsoft Fabric provides various data engineering capabilities to ensure that your data
is easily accessible, well-organized, and of high-quality. From the data engineering
homepage, you can:
Create and manage your data using a lakehouse
Design pipelines to copy data into your lakehouse
Use Spark Job definitions to submit batch/streaming job to Spark cluster
Use notebooks to write code for data ingestion, preparation, and transformation
Lakehouses are data architectures that allow organizations to store and manage
structured and unstructured data in a single location, using various tools and
frameworks to process and analyze that data. This can include SQL-based queries andTell us about your PDF experience.
Data Engineering documentation in
Microsoft Fabric
Data engineering in Microsoft Fabric enables users to design, build, and maintain
infrastructures and systems that enable their organizations to collect, store, process, and
analyze large volumes of data.
About Data Engineering
ｅ OVERVIEW
What is Data engineering?
What is a lakehouse?
Workspace roles and permissions
Get started with lakehouse
ｂ GET STARTED
Create a lakehouse
Navigate the lakehouse explorer
ｃ HOW-TO GUIDE
Get data into lakehouse using notebook
Get started with notebooks
ｂ GET STARTED
Microsoft Fabric notebooks
ｃ HOW-TO GUIDE
Build and manage notebooks
Explore lakehouse data with a notebookData sources: Fabric makes it quick and easy to connect to Azure Data Services, as
well as other cloud-based platforms and on-premises data sources, for streamlined
data ingestion.
Ingestion: You can quickly build insights for your organization using more than
200 native connectors. These connectors are integrated into the Fabric pipeline
and utilize the user-friendly drag-and-drop data transformation with dataflow.
Additionally, with the Shortcut feature in Fabric you can connect to existing data,
without having to copy or move it.
Transform and store: Fabric standardizes on Delta Lake format. Which means all
the Fabric engines can access and manipulate the same dataset stored in OneLake
without duplicating data. This storage system provides the flexibility to build
lakehouses using a medallion architecture or a data mesh, depending on your
organizational requirement. You can choose between a low-code or no-code",3ef9e94d-d22a-466d-a5a6-4e2069ccc812
4,"Explain the concept of Dataflow in Microsoft Fabric. How does it enhance data processing capabilities, and what are the potential challenges and best practices for managing complex dataflows?",rag1.prompty,"Dataflow in Microsoft Fabric refers to the process of moving and transforming data from one or multiple sources to targeted storage or analysis tools within the platform. It's essentially a sequence of operations applied to the data to prepare it for further use, such as in analytics or machine learning models.

### Enhancements in Data Processing Capabilities:
1. **Scalability:** Dataflows in Microsoft Fabric can handle large volumes of data, allowing organizations to scale their data processing needs as required.
2. **Flexibility:** Users can create custom dataflows that integrate various data sources and types, making it adaptable to different data processing needs.
3. **Efficiency:** Advanced processing capabilities, such as streaming and batch processing, ensure that data is processed quickly and accurately.
4. **Integration:** Seamless integration with other Microsoft services enhances the ability to collaborate and share data across different platforms and teams.

### Potential Challenges:
1. **Complexity:** Designing and managing complex dataflows can be challenging, especially when integrating multiple disparate data sources.
2. **Performance:** Ensuring optimal performance and avoiding bottlenecks in data processing requires careful planning and configuration.
3. **Maintenance:** Regular updates and maintenance are necessary to keep dataflows running efficiently, which can be resource-intensive.
4. **Data Quality Issues:** Ensuring the quality and consistency of data throughout the dataflow can be challenging but is crucial for reliable analytics.

### Best Practices for Managing Complex Dataflows:
1. **Start with Clear Objectives:** Define clear goals and requirements for your dataflows to ensure they meet your business needs effectively.
2. **Incremental Design:** Build and test dataflows incrementally to manage complexity and identify issues early in the development process.
3. **Monitoring and Logging:** Implement robust monitoring and logging to quickly identify and address issues in the dataflows.
4. **Use Managed Services:** Where possible, use Microsoft Fabric's managed services for handling certain dataflow aspects to reduce complexity and resource demands.
5. **Documentation and Collaboration:** Maintain comprehensive documentation and ensure good collaboration practices among teams to facilitate effective management and continuity.

By adhering to these best practices and understanding the inherent challenges, organizations can effectively manage and optimize complex dataflows within Microsoft Fabric, ultimately enhancing their data processing capabilities.","What is Data engineering in Microsoft
Fabric?
Article• 05/23/2023
Data engineering in Microsoft Fabric enables users to design, build, and maintain
infrastructures and systems that enable their organizations to collect, store, process, and
analyze large volumes of data.
Microsoft Fabric provides various data engineering capabilities to ensure that your data
is easily accessible, well-organized, and of high-quality. From the data engineering
homepage, you can:
Create and manage your data using a lakehouse
Design pipelines to copy data into your lakehouse
Use Spark Job definitions to submit batch/streaming job to Spark cluster
Use notebooks to write code for data ingestion, preparation, and transformation
Lakehouses are data architectures that allow organizations to store and manage
structured and unstructured data in a single location, using various tools and
frameworks to process and analyze that data. This can include SQL-based queries andLakehouse end-to-end scenario:
overview and architecture
Article• 05/23/2023
Microsoft Fabric is an all-in-one analytics solution for enterprises that covers everything
from data movement to data science, real-time analytics, and business intelligence. It
offers a comprehensive suite of services, including data lake, data engineering, and data
integration, all in one place. For more information, see What is Microsoft Fabric?
This tutorial walks you through an end-to-end scenario from data acquisition to data
consumption. It helps you build a basic understanding of Fabric, including the different
experiences and how they integrate, as well as the professional and citizen developer
experiences that come with working on this platform. This tutorial isn't intended to be a
reference architecture, an exhaustive list of features and functionality, or a
recommendation of specific best practices.
Traditionally, organizations have been building modern data warehouses for theirTell us about your PDF experience.
Data Engineering documentation in
Microsoft Fabric
Data engineering in Microsoft Fabric enables users to design, build, and maintain
infrastructures and systems that enable their organizations to collect, store, process, and
analyze large volumes of data.
About Data Engineering
ｅ OVERVIEW
What is Data engineering?
What is a lakehouse?
Workspace roles and permissions
Get started with lakehouse
ｂ GET STARTED
Create a lakehouse
Navigate the lakehouse explorer
ｃ HOW-TO GUIDE
Get data into lakehouse using notebook
Get started with notebooks
ｂ GET STARTED
Microsoft Fabric notebooks
ｃ HOW-TO GUIDE
Build and manage notebooks
Explore lakehouse data with a notebook",3ef9e94d-d22a-466d-a5a6-4e2069ccc812
4,"Explain the concept of Dataflow in Microsoft Fabric. How does it enhance data processing capabilities, and what are the potential challenges and best practices for managing complex dataflows?",rag2.prompty,"Dataflow in Microsoft Fabric refers to the sequence and processes by which data is moved and transformed from one state or location to another within the Fabric ecosystem. Dataflows are crucial for automating data pipelines, ensuring data consistency, and making data readily available for analysis and business intelligence.

### Enhancements to Data Processing Capabilities:
1. **Automation**: Automated dataflows minimize the need for manual intervention, reducing errors and saving time.
2. **Scalability**: Dataflows in Microsoft Fabric are designed to handle large volumes of data efficiently, ensuring performance is maintained as data grows.
3. **Real-time Processing**: Supports real-time data integration and processing, allowing businesses to make timely decisions based on the most current data.

### Potential Challenges:
1. **Complexity**: Managing complex dataflows, with numerous sources and transformations, can become challenging, especially ensuring that data remains consistent and accurate across the system.
2. **Performance**: As data volumes grow, dataflows may become slower or less responsive unless properly optimized.
3. **Error Handling**: Properly managing errors and exceptions in dataflows is crucial to prevent data corruption or loss.

### Best Practices for Managing Complex Dataflows:
1. **Simplify and Document**: Keep dataflows as simple as possible, and maintain thorough documentation to ensure they are easy to understand and maintain.
2. **Monitoring and Alerts**: Implement monitoring to track the health and performance of dataflows, and set up alerts for any anomalies or failures.
3. **Incremental Loading**: Rather than processing all data at once, use incremental loading to process only the data that has changed, improving performance.
4. **Testing**: Regularly test dataflows to ensure they handle data correctly under all expected conditions and to spot potential issues early.
5. **Modularity**: Design modular dataflows that can be easily adjusted or expanded as business needs change.

By adhering to these best practices and being aware of potential challenges, organizations can effectively manage complex dataflows in Microsoft Fabric, enhancing their overall data processing capabilities.","What is Data engineering in Microsoft
Fabric?
Article• 05/23/2023
Data engineering in Microsoft Fabric enables users to design, build, and maintain
infrastructures and systems that enable their organizations to collect, store, process, and
analyze large volumes of data.
Microsoft Fabric provides various data engineering capabilities to ensure that your data
is easily accessible, well-organized, and of high-quality. From the data engineering
homepage, you can:
Create and manage your data using a lakehouse
Design pipelines to copy data into your lakehouse
Use Spark Job definitions to submit batch/streaming job to Spark cluster
Use notebooks to write code for data ingestion, preparation, and transformation
Lakehouses are data architectures that allow organizations to store and manage
structured and unstructured data in a single location, using various tools and
frameworks to process and analyze that data. This can include SQL-based queries andLakehouse end-to-end scenario:
overview and architecture
Article• 05/23/2023
Microsoft Fabric is an all-in-one analytics solution for enterprises that covers everything
from data movement to data science, real-time analytics, and business intelligence. It
offers a comprehensive suite of services, including data lake, data engineering, and data
integration, all in one place. For more information, see What is Microsoft Fabric?
This tutorial walks you through an end-to-end scenario from data acquisition to data
consumption. It helps you build a basic understanding of Fabric, including the different
experiences and how they integrate, as well as the professional and citizen developer
experiences that come with working on this platform. This tutorial isn't intended to be a
reference architecture, an exhaustive list of features and functionality, or a
recommendation of specific best practices.
Traditionally, organizations have been building modern data warehouses for theirTell us about your PDF experience.
Data Engineering documentation in
Microsoft Fabric
Data engineering in Microsoft Fabric enables users to design, build, and maintain
infrastructures and systems that enable their organizations to collect, store, process, and
analyze large volumes of data.
About Data Engineering
ｅ OVERVIEW
What is Data engineering?
What is a lakehouse?
Workspace roles and permissions
Get started with lakehouse
ｂ GET STARTED
Create a lakehouse
Navigate the lakehouse explorer
ｃ HOW-TO GUIDE
Get data into lakehouse using notebook
Get started with notebooks
ｂ GET STARTED
Microsoft Fabric notebooks
ｃ HOW-TO GUIDE
Build and manage notebooks
Explore lakehouse data with a notebook",3ef9e94d-d22a-466d-a5a6-4e2069ccc812
5,"Analyze the security measures provided in Microsoft Fabric for data engineering. How do these measures ensure data privacy and compliance with regulations, and what additional steps can be taken to further secure the data?",rag1.prompty,"The article referenced does not specifically detail the security measures provided by Microsoft Fabric for data engineering. Therefore, I can't deliver precise information on how Microsoft Fabric handles security aspects directly related to data engineering.

Generally, Microsoft products adhere to robust security standards, including data encryption, access controls, and compliance certifications which are foundational in safeguarding data privacy and aligning with regulatory demands. To extrapolate based on common practices:

1. **Data Encryption**: Data in transit and at rest is typically encrypted, ensuring unauthorized access is barred.
2. **Access Control**: Role-based access control (RBAC) helps in defining granular levels of access permissions to different users and groups, managing who can view or manipulate data within the lakehouse.
3. **Audit and Compliance**: Continuous monitoring and logging capabilities help in auditing data access and usage, critical for regulatory compliance.

### Additional Steps to Enhance Security
To further secure data in a Microsoft Fabric deployment:
- **Regular Security Assessments**: Conduct regular audits and penetration tests to identify and mitigate potential vulnerabilities.
- **Advanced Threat Protection**: Utilize advanced security services that detect, alert, and mitigate potential security threats in real time.
- **Data Masking and Anonymization**: For sensitive data, implement data masking and anonymization techniques to protect individual identities.
- **Compliance Frameworks**: Adhere to strict compliance frameworks specific to the industry and geography, updating protocols as regulations evolve.

For detailed specifics about security measures in Microsoft Fabric for data engineering specifically, reviewing the official documentation or consulting with Microsoft's support might be necessary, as security setups can vary significantly based on deployment and configuration.","What is Data engineering in Microsoft
Fabric?
Article• 05/23/2023
Data engineering in Microsoft Fabric enables users to design, build, and maintain
infrastructures and systems that enable their organizations to collect, store, process, and
analyze large volumes of data.
Microsoft Fabric provides various data engineering capabilities to ensure that your data
is easily accessible, well-organized, and of high-quality. From the data engineering
homepage, you can:
Create and manage your data using a lakehouse
Design pipelines to copy data into your lakehouse
Use Spark Job definitions to submit batch/streaming job to Spark cluster
Use notebooks to write code for data ingestion, preparation, and transformation
Lakehouses are data architectures that allow organizations to store and manage
structured and unstructured data in a single location, using various tools and
frameworks to process and analyze that data. This can include SQL-based queries andLakehouse end-to-end scenario:
overview and architecture
Article• 05/23/2023
Microsoft Fabric is an all-in-one analytics solution for enterprises that covers everything
from data movement to data science, real-time analytics, and business intelligence. It
offers a comprehensive suite of services, including data lake, data engineering, and data
integration, all in one place. For more information, see What is Microsoft Fabric?
This tutorial walks you through an end-to-end scenario from data acquisition to data
consumption. It helps you build a basic understanding of Fabric, including the different
experiences and how they integrate, as well as the professional and citizen developer
experiences that come with working on this platform. This tutorial isn't intended to be a
reference architecture, an exhaustive list of features and functionality, or a
recommendation of specific best practices.
Traditionally, organizations have been building modern data warehouses for theirTell us about your PDF experience.
Data Engineering documentation in
Microsoft Fabric
Data engineering in Microsoft Fabric enables users to design, build, and maintain
infrastructures and systems that enable their organizations to collect, store, process, and
analyze large volumes of data.
About Data Engineering
ｅ OVERVIEW
What is Data engineering?
What is a lakehouse?
Workspace roles and permissions
Get started with lakehouse
ｂ GET STARTED
Create a lakehouse
Navigate the lakehouse explorer
ｃ HOW-TO GUIDE
Get data into lakehouse using notebook
Get started with notebooks
ｂ GET STARTED
Microsoft Fabric notebooks
ｃ HOW-TO GUIDE
Build and manage notebooks
Explore lakehouse data with a notebook",3ef9e94d-d22a-466d-a5a6-4e2069ccc812
5,"Analyze the security measures provided in Microsoft Fabric for data engineering. How do these measures ensure data privacy and compliance with regulations, and what additional steps can be taken to further secure the data?",rag2.prompty,"As of the information from the provided articles, specific details on the security measures implemented within Microsoft Fabric for data engineering are not explicitly mentioned. However, Microsoft typically integrates robust security features in their platforms to ensure data privacy and compliance with regulatory standards such as GDPR, HIPAA, and others. Here’s an overview of what these security measures might generally include, based on common practices in cloud services and Microsoft’s approach to security:

### Typical Security Measures in Microsoft Platforms:
1. **Encryption**: Data is likely encrypted both at rest and in transit, which ensures that data is unreadable to unauthorized users.
2. **Access Controls**: Role-based access control (RBAC) to manage who can access what data within the lakehouse, ensuring only authorized personnel can perform specific actions.
3. **Audit Trails**: Monitoring and logging access and activities related to the data helps in ensuring accountability and tracing any breaches or unauthorized access.
4. **Network Security**: Use of firewalls, Virtual Private Networks (VPNs), and dedicated connections to safeguard data being transferred to and from the cloud.
5. **Compliance Certifications**: Microsoft platforms usually adhere to global compliance standards, ensuring that data handling meets legislative requirements of various regions.

### Ensuring Data Privacy and Compliance:
- **Encryption** and **access controls** protect sensitive data from unauthorized access, thus supporting compliance with privacy laws.
- **Audit trails** help in fulfilling compliance requirements by providing detailed logs of data access and modifications.

### Additional Steps for Enhanced Security:
1. **Advanced Threat Detection**: Implement tools that use machine learning to detect and alert on unusual access patterns or potential breaches.
2. **Data Masking**: Use data obfuscation techniques to hide sensitive data in the non-production environments.
3. **Regular Security Assessments**: Conduct periodic security assessments and penetration testing to identify and address vulnerabilities.
4. **Zero Trust Architecture**: Implement a Zero Trust security model which assumes breaches are inevitable or already exist, minimizing the blast radius of any such incident.
5. **Security Training**: Regular training for employees on security best practices, phishing awareness, and safe data handling procedures.

Adapting these extra measures can help in further securing the data managed through Microsoft Fabric’s data engineering tools, ensuring it remains confidential, maintains integrity, and is available when needed, thereby reinforcing compliance with stringent regulations.","What is Data engineering in Microsoft
Fabric?
Article• 05/23/2023
Data engineering in Microsoft Fabric enables users to design, build, and maintain
infrastructures and systems that enable their organizations to collect, store, process, and
analyze large volumes of data.
Microsoft Fabric provides various data engineering capabilities to ensure that your data
is easily accessible, well-organized, and of high-quality. From the data engineering
homepage, you can:
Create and manage your data using a lakehouse
Design pipelines to copy data into your lakehouse
Use Spark Job definitions to submit batch/streaming job to Spark cluster
Use notebooks to write code for data ingestion, preparation, and transformation
Lakehouses are data architectures that allow organizations to store and manage
structured and unstructured data in a single location, using various tools and
frameworks to process and analyze that data. This can include SQL-based queries andLakehouse end-to-end scenario:
overview and architecture
Article• 05/23/2023
Microsoft Fabric is an all-in-one analytics solution for enterprises that covers everything
from data movement to data science, real-time analytics, and business intelligence. It
offers a comprehensive suite of services, including data lake, data engineering, and data
integration, all in one place. For more information, see What is Microsoft Fabric?
This tutorial walks you through an end-to-end scenario from data acquisition to data
consumption. It helps you build a basic understanding of Fabric, including the different
experiences and how they integrate, as well as the professional and citizen developer
experiences that come with working on this platform. This tutorial isn't intended to be a
reference architecture, an exhaustive list of features and functionality, or a
recommendation of specific best practices.
Traditionally, organizations have been building modern data warehouses for theirTell us about your PDF experience.
Data Engineering documentation in
Microsoft Fabric
Data engineering in Microsoft Fabric enables users to design, build, and maintain
infrastructures and systems that enable their organizations to collect, store, process, and
analyze large volumes of data.
About Data Engineering
ｅ OVERVIEW
What is Data engineering?
What is a lakehouse?
Workspace roles and permissions
Get started with lakehouse
ｂ GET STARTED
Create a lakehouse
Navigate the lakehouse explorer
ｃ HOW-TO GUIDE
Get data into lakehouse using notebook
Get started with notebooks
ｂ GET STARTED
Microsoft Fabric notebooks
ｃ HOW-TO GUIDE
Build and manage notebooks
Explore lakehouse data with a notebook",3ef9e94d-d22a-466d-a5a6-4e2069ccc812
6,"Discuss the significance of metadata management in Microsoft Fabric. How does effective metadata management impact data quality, governance, and discoverability within an organization?",rag1.prompty,"Metadata management is a crucial component in Microsoft Fabric since it plays a key role in enhancing data quality, governance, and discoverability within an organization. Metadata, essentially data about data, includes details like source, usage, format, and relationships of the stored data.

**1. Impact on Data Quality:**
   - **Consistency and Accuracy:** Metadata allows for the setting and enforcement of data standards which helps in maintaining consistency and accuracy across different datasets.
   - **Error Identification:** Effective metadata management helps in quickly identifying areas where data quality may be compromised (e.g., inconsistencies, missing data), facilitating timely rectification.

**2. Impact on Governance:**
   - **Regulation Compliance:** Metadata management supports adherence to data-related regulations by providing clear records of data lineage, access controls, and audit trails.
   - **Security and Privacy:** It aids in implementing security measures by identifying sensitive data and ensuring that it is accessed securely and in compliance with data privacy standards.
  
**3. Impact on Discoverability:**
   - **Easy Navigation:** Enhanced metadata management improves data discoverability by allowing users to easily navigate through large volumes of data via effective cataloging and classification.
   - **Better Decision-Making:** With readily discoverable data, decision-makers can quickly find relevant and reliable data, leading to better-informed decisions.

Overall, effective metadata management in Microsoft Fabric not only optimizes the data usability and integrity but also ensures that data handling is compliant and efficient within organizational frameworks.","Lakehouse end-to-end scenario:
overview and architecture
Article• 05/23/2023
Microsoft Fabric is an all-in-one analytics solution for enterprises that covers everything
from data movement to data science, real-time analytics, and business intelligence. It
offers a comprehensive suite of services, including data lake, data engineering, and data
integration, all in one place. For more information, see What is Microsoft Fabric?
This tutorial walks you through an end-to-end scenario from data acquisition to data
consumption. It helps you build a basic understanding of Fabric, including the different
experiences and how they integrate, as well as the professional and citizen developer
experiences that come with working on this platform. This tutorial isn't intended to be a
reference architecture, an exhaustive list of features and functionality, or a
recommendation of specific best practices.
Traditionally, organizations have been building modern data warehouses for theirWhat is Data engineering in Microsoft
Fabric?
Article• 05/23/2023
Data engineering in Microsoft Fabric enables users to design, build, and maintain
infrastructures and systems that enable their organizations to collect, store, process, and
analyze large volumes of data.
Microsoft Fabric provides various data engineering capabilities to ensure that your data
is easily accessible, well-organized, and of high-quality. From the data engineering
homepage, you can:
Create and manage your data using a lakehouse
Design pipelines to copy data into your lakehouse
Use Spark Job definitions to submit batch/streaming job to Spark cluster
Use notebooks to write code for data ingestion, preparation, and transformation
Lakehouses are data architectures that allow organizations to store and manage
structured and unstructured data in a single location, using various tools and
frameworks to process and analyze that data. This can include SQL-based queries andTell us about your PDF experience.
Data Engineering documentation in
Microsoft Fabric
Data engineering in Microsoft Fabric enables users to design, build, and maintain
infrastructures and systems that enable their organizations to collect, store, process, and
analyze large volumes of data.
About Data Engineering
ｅ OVERVIEW
What is Data engineering?
What is a lakehouse?
Workspace roles and permissions
Get started with lakehouse
ｂ GET STARTED
Create a lakehouse
Navigate the lakehouse explorer
ｃ HOW-TO GUIDE
Get data into lakehouse using notebook
Get started with notebooks
ｂ GET STARTED
Microsoft Fabric notebooks
ｃ HOW-TO GUIDE
Build and manage notebooks
Explore lakehouse data with a notebook",3ef9e94d-d22a-466d-a5a6-4e2069ccc812
6,"Discuss the significance of metadata management in Microsoft Fabric. How does effective metadata management impact data quality, governance, and discoverability within an organization?",rag2.prompty,"Metadata management in Microsoft Fabric plays a crucial role in enhancing data quality, governance, and discoverability within an organization. Effective metadata management ensures that metadata - the data providing information about other data - is accurately and consistently recorded, updated, and managed. This has several significant impacts:

1. **Data Quality**: Proper metadata management helps maintain high data quality by ensuring that data is easily traceable and its lineage is clear. This means when data issues arise, they can be quickly diagnosed and corrected, because the metadata provides insights about the source, history, and transformations applied to the data.

2. **Data Governance**: Metadata management is foundational for robust data governance frameworks. By managing metadata effectively, organizations can ensure compliance with data policies and regulations. Metadata provides detailed information about data sensitivity, access control, and audit trails, which are vital for enforcing data governance policies.

3. **Data Discoverability and Usability**: Metadata significantly improves data discoverability by providing information like data descriptions, tags, and structured information about data content and format. This makes it easier for users within an organization to find the relevant data they need for their analysis, reducing redundancy and effort in data handling.

Overall, effective metadata management in Microsoft Fabric supports organizational objectives by ensuring that data is high quality, compliant with governance standards, and easily accessible and understandable to users, thus driving better decision-making and operational efficiencies.","Lakehouse end-to-end scenario:
overview and architecture
Article• 05/23/2023
Microsoft Fabric is an all-in-one analytics solution for enterprises that covers everything
from data movement to data science, real-time analytics, and business intelligence. It
offers a comprehensive suite of services, including data lake, data engineering, and data
integration, all in one place. For more information, see What is Microsoft Fabric?
This tutorial walks you through an end-to-end scenario from data acquisition to data
consumption. It helps you build a basic understanding of Fabric, including the different
experiences and how they integrate, as well as the professional and citizen developer
experiences that come with working on this platform. This tutorial isn't intended to be a
reference architecture, an exhaustive list of features and functionality, or a
recommendation of specific best practices.
Traditionally, organizations have been building modern data warehouses for theirWhat is Data engineering in Microsoft
Fabric?
Article• 05/23/2023
Data engineering in Microsoft Fabric enables users to design, build, and maintain
infrastructures and systems that enable their organizations to collect, store, process, and
analyze large volumes of data.
Microsoft Fabric provides various data engineering capabilities to ensure that your data
is easily accessible, well-organized, and of high-quality. From the data engineering
homepage, you can:
Create and manage your data using a lakehouse
Design pipelines to copy data into your lakehouse
Use Spark Job definitions to submit batch/streaming job to Spark cluster
Use notebooks to write code for data ingestion, preparation, and transformation
Lakehouses are data architectures that allow organizations to store and manage
structured and unstructured data in a single location, using various tools and
frameworks to process and analyze that data. This can include SQL-based queries andTell us about your PDF experience.
Data Engineering documentation in
Microsoft Fabric
Data engineering in Microsoft Fabric enables users to design, build, and maintain
infrastructures and systems that enable their organizations to collect, store, process, and
analyze large volumes of data.
About Data Engineering
ｅ OVERVIEW
What is Data engineering?
What is a lakehouse?
Workspace roles and permissions
Get started with lakehouse
ｂ GET STARTED
Create a lakehouse
Navigate the lakehouse explorer
ｃ HOW-TO GUIDE
Get data into lakehouse using notebook
Get started with notebooks
ｂ GET STARTED
Microsoft Fabric notebooks
ｃ HOW-TO GUIDE
Build and manage notebooks
Explore lakehouse data with a notebook",3ef9e94d-d22a-466d-a5a6-4e2069ccc812
7,"Evaluate the scalability features of Microsoft Fabric. What strategies and tools are recommended for handling large-scale data processing, and how do these features address potential bottlenecks and performance issues?",rag1.prompty,"Microsoft Fabric is designed for high scalability in large-scale data processing environments, leveraging various tools and strategies to manage significant data volumes and complex processing needs effectively. Here’s how it addresses scalability:

### 1. **Lakehouse Architecture**
   - **Unified Platform:** Microsoft Fabric employs a lakehouse architecture, combining the best of data lakes and data warehouses. This provides an efficient means to handle massive amounts of structured and unstructured data in a single location.
   - **Data Management:** Utilizing Delta Lake format, it ensures ACID transactions, putting the data integrity concerns at ease when dealing with large-scale data.

### 2. **Scalable Data Engineering**
   - **Spark Integration:** Fabric integrates Apache Spark for large-scale data processing, supporting both batch and streaming data, which can dynamically scale based on the processing load.
   - **Data Pipeline Design:** Users can design scalable pipelines to efficiently copy data into the lakehouse, ensuring the system scales as data grows.

### 3. **Connectivity and Ingestion**
   - **Broad Connectivity:** With over 200 native connectors to various data sources including cloud-based platforms and on-prem services, Fabric supports versatile and high-volume data ingestion.
   - **Shortcut Feature:** This allows direct connectivity to existing data without the need to move it, reducing bottlenecks related to data movement.

### 4. **Storage and Performance Optimization**
   - **OneLake Storage:** Leveraging a central storage system (OneLake) that uses Delta Lake format reduces the need for data duplication and promotes efficient data access, essential for handling large datasets.
   - **Data Organization:** Supports building lakehouses with medallion architecture or data mesh approaches, helping distribute and parallelize data processing to enhance scalability and performance.

### 5. **Low-code/No-code Solutions**
   - **User-friendly Processing:** Even with immense data, Fabric’s low-code/no-code capabilities allow less technical users to manage and process data without deep coding knowledge, reducing the learning curve and speeding up operations.

### 6. **Performance Tuning**
   - **Monitoring and Optimization Tools:** Microsoft Fabric offers tools to monitor performance and optimize data processes, which is crucial for identifying and resolving bottlenecks in a scalable environment.

By integrating these features, Microsoft Fabric addresses the crucial scalability and performance issues typically encountered in large-scale data processing scenarios. These tools and strategies ensure that as the volume of data or the complexity of processing increases, the system can handle the growth efficiently without compromising on performance or data quality.","Lakehouse end-to-end scenario:
overview and architecture
Article• 05/23/2023
Microsoft Fabric is an all-in-one analytics solution for enterprises that covers everything
from data movement to data science, real-time analytics, and business intelligence. It
offers a comprehensive suite of services, including data lake, data engineering, and data
integration, all in one place. For more information, see What is Microsoft Fabric?
This tutorial walks you through an end-to-end scenario from data acquisition to data
consumption. It helps you build a basic understanding of Fabric, including the different
experiences and how they integrate, as well as the professional and citizen developer
experiences that come with working on this platform. This tutorial isn't intended to be a
reference architecture, an exhaustive list of features and functionality, or a
recommendation of specific best practices.
Traditionally, organizations have been building modern data warehouses for theirWhat is Data engineering in Microsoft
Fabric?
Article• 05/23/2023
Data engineering in Microsoft Fabric enables users to design, build, and maintain
infrastructures and systems that enable their organizations to collect, store, process, and
analyze large volumes of data.
Microsoft Fabric provides various data engineering capabilities to ensure that your data
is easily accessible, well-organized, and of high-quality. From the data engineering
homepage, you can:
Create and manage your data using a lakehouse
Design pipelines to copy data into your lakehouse
Use Spark Job definitions to submit batch/streaming job to Spark cluster
Use notebooks to write code for data ingestion, preparation, and transformation
Lakehouses are data architectures that allow organizations to store and manage
structured and unstructured data in a single location, using various tools and
frameworks to process and analyze that data. This can include SQL-based queries andData sources: Fabric makes it quick and easy to connect to Azure Data Services, as
well as other cloud-based platforms and on-premises data sources, for streamlined
data ingestion.
Ingestion: You can quickly build insights for your organization using more than
200 native connectors. These connectors are integrated into the Fabric pipeline
and utilize the user-friendly drag-and-drop data transformation with dataflow.
Additionally, with the Shortcut feature in Fabric you can connect to existing data,
without having to copy or move it.
Transform and store: Fabric standardizes on Delta Lake format. Which means all
the Fabric engines can access and manipulate the same dataset stored in OneLake
without duplicating data. This storage system provides the flexibility to build
lakehouses using a medallion architecture or a data mesh, depending on your
organizational requirement. You can choose between a low-code or no-code",3ef9e94d-d22a-466d-a5a6-4e2069ccc812
7,"Evaluate the scalability features of Microsoft Fabric. What strategies and tools are recommended for handling large-scale data processing, and how do these features address potential bottlenecks and performance issues?",rag2.prompty,"Microsoft Fabric is designed to handle large-scale data processing effectively, leveraging several scalability features and strategies:

### 1. **Lakehouse Architecture**
Lakehouses combine the benefits of data lakes and data warehouses, allowing for scalable storage and management of both structured and unstructured data in a single system. This unified architecture reduces data silos, improving data accessibility and query performance across large datasets.

### 2. **Spark Integration**
By using Spark Job definitions, Microsoft Fabric facilitates batch and streaming jobs on a Spark cluster. Apache Spark is known for its high-performance processing capabilities, handling massive datasets by distributing computations across clusters. This reduces the processing bottleneck that often occurs with large-scale data operations.

### 3. **Delta Lake Format**
Fabric’s standardization on the Delta Lake format ensures ACID transactions, scalable metadata handling, and unified batch and streaming data processing. Delta Lake also helps in managing large-scale datasets by providing mechanisms like compaction and indexing, which optimize data storage and retrieval, thus enhancing overall performance.

### 4. **Data Integration and Ingestion**
With over 200 native connectors and streamlined integration with Azure Data Services and other data platforms, Microsoft Fabric supports robust data ingestion mechanisms. Efficient data ingestion is key in preventing bottlenecks in data pipelines, particularly at scale.

### 5. **Flexible Data Storage Solutions**
Microsoft Fabric’s use of OneLake allows for data manipulation without duplicating data. This approach effectively manages large data volumes by reducing unnecessary data replication and storage sprawl—common issues in large-scale data environments.

### 6. **Dataflow and Transformation Tools**
The platform’s user-friendly drag-and-drop data transformation with dataflow simplifies the management of data pipelines. This feature not only makes it easier to handle complex data transformations at scale but also helps in optimizing the data processing workflows for better performance.

### 7. **Medallion Architecture and Data Mesh**
Users can opt for a medallion architecture or a data mesh depending on their organizational requirements. Both strategies support scalability:
   - **Medallion architecture** tiers data processing and storage into layers (bronze, silver, gold), which helps in manageably scaling data operations.
   - **Data mesh** focuses on decentralizing data ownership and architecture, promoting a distributive and scalable data management approach.

### Conclusion
Microsoft Fabric addresses scalability and performance issues through its integrated, holistic approach to data architecture and processing. By combining advanced data management techniques with robust tooling and infrastructure, it effectively supports large-scale data operations, mitigating potential bottlenecks and enhancing performance.","Lakehouse end-to-end scenario:
overview and architecture
Article• 05/23/2023
Microsoft Fabric is an all-in-one analytics solution for enterprises that covers everything
from data movement to data science, real-time analytics, and business intelligence. It
offers a comprehensive suite of services, including data lake, data engineering, and data
integration, all in one place. For more information, see What is Microsoft Fabric?
This tutorial walks you through an end-to-end scenario from data acquisition to data
consumption. It helps you build a basic understanding of Fabric, including the different
experiences and how they integrate, as well as the professional and citizen developer
experiences that come with working on this platform. This tutorial isn't intended to be a
reference architecture, an exhaustive list of features and functionality, or a
recommendation of specific best practices.
Traditionally, organizations have been building modern data warehouses for theirWhat is Data engineering in Microsoft
Fabric?
Article• 05/23/2023
Data engineering in Microsoft Fabric enables users to design, build, and maintain
infrastructures and systems that enable their organizations to collect, store, process, and
analyze large volumes of data.
Microsoft Fabric provides various data engineering capabilities to ensure that your data
is easily accessible, well-organized, and of high-quality. From the data engineering
homepage, you can:
Create and manage your data using a lakehouse
Design pipelines to copy data into your lakehouse
Use Spark Job definitions to submit batch/streaming job to Spark cluster
Use notebooks to write code for data ingestion, preparation, and transformation
Lakehouses are data architectures that allow organizations to store and manage
structured and unstructured data in a single location, using various tools and
frameworks to process and analyze that data. This can include SQL-based queries andData sources: Fabric makes it quick and easy to connect to Azure Data Services, as
well as other cloud-based platforms and on-premises data sources, for streamlined
data ingestion.
Ingestion: You can quickly build insights for your organization using more than
200 native connectors. These connectors are integrated into the Fabric pipeline
and utilize the user-friendly drag-and-drop data transformation with dataflow.
Additionally, with the Shortcut feature in Fabric you can connect to existing data,
without having to copy or move it.
Transform and store: Fabric standardizes on Delta Lake format. Which means all
the Fabric engines can access and manipulate the same dataset stored in OneLake
without duplicating data. This storage system provides the flexibility to build
lakehouses using a medallion architecture or a data mesh, depending on your
organizational requirement. You can choose between a low-code or no-code",3ef9e94d-d22a-466d-a5a6-4e2069ccc812
8,"How does Microsoft Fabric support real-time data processing and analytics? Describe the mechanisms and tools involved, and analyze how they integrate with batch processing workflows.",rag1.prompty,"Microsoft Fabric supports real-time data processing and analytics through a combination of integrated services and tools that manage both real-time and batch processing workflows efficiently.

### Mechanisms and Tools for Real-Time Processing:

1. **Stream Processing**: Microsoft Fabric allows for real-time stream processing, leveraging services like Azure Stream Analytics. This service can continuously ingest, process, and analyze data streams, making it ideal for scenarios requiring immediate insights, like monitoring IoT devices or real-time financial transactions.

2. **Event Hubs**: Azure Event Hubs is a big data streaming platform and event ingestion service, which can collect, store, and process large volumes of data in real-time. This service integrates seamlessly with other Azure services to enable real-time analytics.

3. **Integration with Apache Spark**: Microsoft Fabric uses Apache Spark for both its batch and real-time processing capabilities. Spark's structured streaming feature enables robust, scalable, fault-tolerant stream processing of live data streams.

4. **Azure Functions**: For real-time data processing needs, Azure Functions offers serverless compute capabilities that respond to events in data streams, from services like Event Hubs or IoT Hub, to process data immediately as it arrives.

### Integration with Batch Processing Workflows:

Microsoft Fabric integrates real-time and batch processing workflows by utilizing common data stores and consistent data processing engines:

1. **Unified Data Lake**: With Microsoft Fabric's lakehouse architecture, both real-time and batch data are stored in a common data format in a unified data lake (OneLake). This centralized approach ensures that real-time data ingested can later be seamlessly transitioned into batch processing workflows without needing additional transformation steps.

2. **Delta Lake**: Delta Lake acts as the storage layer within Microsoft Fabric, providing ACID transactions, scalable metadata handling, and unifying streaming and batch data processing. This means that any data ingested in real-time can be immediately available for batch processes.

3. **Integrated Pipelines**: Microsoft Fabric features integrated pipelines that can handle both real-time and batch data. This is facilitated by tools like Azure Data Factory or Apache Spark, where you can define jobs that either process data in real-time or batch it for subsequent analysis.

4. **Notebooks for Development**: Developers can use notebooks within Microsoft Fabric to write and test code that applies to both real-time and batch processing. This single development environment enhances the consistency and integration between different data processing methodologies.

### Conclusion:

By leveraging these mechanisms and tools, Microsoft Fabric offers a flexible, powerful platform for complex analytical workloads that require the blend of real-time and batch data processing. The integration is smooth, thanks to shared data infrastructure, common processing engines, and comprehensive tooling that supports both methodologies under one roof, enhancing operational efficiency and reducing time to insight.","Lakehouse end-to-end scenario:
overview and architecture
Article• 05/23/2023
Microsoft Fabric is an all-in-one analytics solution for enterprises that covers everything
from data movement to data science, real-time analytics, and business intelligence. It
offers a comprehensive suite of services, including data lake, data engineering, and data
integration, all in one place. For more information, see What is Microsoft Fabric?
This tutorial walks you through an end-to-end scenario from data acquisition to data
consumption. It helps you build a basic understanding of Fabric, including the different
experiences and how they integrate, as well as the professional and citizen developer
experiences that come with working on this platform. This tutorial isn't intended to be a
reference architecture, an exhaustive list of features and functionality, or a
recommendation of specific best practices.
Traditionally, organizations have been building modern data warehouses for theirWhat is Data engineering in Microsoft
Fabric?
Article• 05/23/2023
Data engineering in Microsoft Fabric enables users to design, build, and maintain
infrastructures and systems that enable their organizations to collect, store, process, and
analyze large volumes of data.
Microsoft Fabric provides various data engineering capabilities to ensure that your data
is easily accessible, well-organized, and of high-quality. From the data engineering
homepage, you can:
Create and manage your data using a lakehouse
Design pipelines to copy data into your lakehouse
Use Spark Job definitions to submit batch/streaming job to Spark cluster
Use notebooks to write code for data ingestion, preparation, and transformation
Lakehouses are data architectures that allow organizations to store and manage
structured and unstructured data in a single location, using various tools and
frameworks to process and analyze that data. This can include SQL-based queries andData sources: Fabric makes it quick and easy to connect to Azure Data Services, as
well as other cloud-based platforms and on-premises data sources, for streamlined
data ingestion.
Ingestion: You can quickly build insights for your organization using more than
200 native connectors. These connectors are integrated into the Fabric pipeline
and utilize the user-friendly drag-and-drop data transformation with dataflow.
Additionally, with the Shortcut feature in Fabric you can connect to existing data,
without having to copy or move it.
Transform and store: Fabric standardizes on Delta Lake format. Which means all
the Fabric engines can access and manipulate the same dataset stored in OneLake
without duplicating data. This storage system provides the flexibility to build
lakehouses using a medallion architecture or a data mesh, depending on your
organizational requirement. You can choose between a low-code or no-code",3ef9e94d-d22a-466d-a5a6-4e2069ccc812
8,"How does Microsoft Fabric support real-time data processing and analytics? Describe the mechanisms and tools involved, and analyze how they integrate with batch processing workflows.",rag2.prompty,"Microsoft Fabric supports real-time data processing and analytics through a combination of its robust architecture, integrated services, and advanced data processing capabilities. Here’s a detailed look at the mechanisms and tools involved and their integration with batch processing workflows:

### Mechanisms and Tools in Microsoft Fabric for Real-Time Data Processing

1. **Stream Processing:**
   - Microsoft Fabric supports stream processing by using Spark streaming or similar real-time data processing frameworks. It allows continuous data ingestion and processing directly from various sources like IoT devices, social media feeds, or online transactions.

2. **Event Hubs:**
   - Fabric integrates with Azure Event Hubs, which acts as a highly scalable data streaming platform. This is crucial for gathering large volumes of event data and enabling real-time analytics.

3. **Apache Kafka:**
   - Integration with Apache Kafka is also provided, which supports real-time data ingestion and processing. Kafka is used for building real-time streaming applications that can transform or react to the data streams.

4. **Real-time Dashboards and Analytics:**
   - By leveraging services like Power BI integrated within Microsoft Fabric, users can create real-time dashboards that reflect up-to-date information aiding in immediate decision-making and insights.

### Integration with Batch Processing Workflows

**How Real-Time and Batch Processing Integrate:**

1. **Unified Data Processing Engine:**
   - Microsoft Fabric utilizes Spark as a unified engine for both stream and batch processing. This allows users to write applications that can handle both real-time and batch data within the same framework and codebase.

2. **Data Lake as Central Repository:**
   - Both streaming data and batch data are stored in a common data lake (e.g., OneLake in Delta Lake format) in Microsoft Fabric. This central storage ensures that data from both sources can be accessed and analyzed using the same tools and processes.

3. **Incremental and Trigger-Based Processing:**
   - The system supports incremental batch processing, where batch jobs can be configured to run at specified intervals – potentially triggered by the outputs or checkpoints from real-time streams – to update data stores and analytical models.

4. **Event-Driven Architectures:**
   - Event-driven architectures within Microsoft Fabric ensure seamless communication between real-time event processing and batch processing workflows. Events from real-time streams can trigger specific batch processes for more complex aggregation or stateful computations.

5. **Scalability and Performance:**
   - Microsoft Fabric handles scalability and performance optimization across both real-time and batch processes. It dynamically allocates resources depending on the data volume and processing requirements, thereby optimizing costs and ensuring efficient data processing.

### Overall Integration

The integration in Microsoft Fabric between real-time data processing and batch processing workflows is designed to be seamless and highly efficient, ensuring that enterprises can leverage all their data effectively. The coexistence helps balance between immediate insights provided by real-time processing and in-depth analytics achieved via batch processing.","Lakehouse end-to-end scenario:
overview and architecture
Article• 05/23/2023
Microsoft Fabric is an all-in-one analytics solution for enterprises that covers everything
from data movement to data science, real-time analytics, and business intelligence. It
offers a comprehensive suite of services, including data lake, data engineering, and data
integration, all in one place. For more information, see What is Microsoft Fabric?
This tutorial walks you through an end-to-end scenario from data acquisition to data
consumption. It helps you build a basic understanding of Fabric, including the different
experiences and how they integrate, as well as the professional and citizen developer
experiences that come with working on this platform. This tutorial isn't intended to be a
reference architecture, an exhaustive list of features and functionality, or a
recommendation of specific best practices.
Traditionally, organizations have been building modern data warehouses for theirWhat is Data engineering in Microsoft
Fabric?
Article• 05/23/2023
Data engineering in Microsoft Fabric enables users to design, build, and maintain
infrastructures and systems that enable their organizations to collect, store, process, and
analyze large volumes of data.
Microsoft Fabric provides various data engineering capabilities to ensure that your data
is easily accessible, well-organized, and of high-quality. From the data engineering
homepage, you can:
Create and manage your data using a lakehouse
Design pipelines to copy data into your lakehouse
Use Spark Job definitions to submit batch/streaming job to Spark cluster
Use notebooks to write code for data ingestion, preparation, and transformation
Lakehouses are data architectures that allow organizations to store and manage
structured and unstructured data in a single location, using various tools and
frameworks to process and analyze that data. This can include SQL-based queries andData sources: Fabric makes it quick and easy to connect to Azure Data Services, as
well as other cloud-based platforms and on-premises data sources, for streamlined
data ingestion.
Ingestion: You can quickly build insights for your organization using more than
200 native connectors. These connectors are integrated into the Fabric pipeline
and utilize the user-friendly drag-and-drop data transformation with dataflow.
Additionally, with the Shortcut feature in Fabric you can connect to existing data,
without having to copy or move it.
Transform and store: Fabric standardizes on Delta Lake format. Which means all
the Fabric engines can access and manipulate the same dataset stored in OneLake
without duplicating data. This storage system provides the flexibility to build
lakehouses using a medallion architecture or a data mesh, depending on your
organizational requirement. You can choose between a low-code or no-code",3ef9e94d-d22a-466d-a5a6-4e2069ccc812
9,"Critically assess the role of artificial intelligence and machine learning capabilities in Microsoft Fabric's data engineering environment. How can these capabilities be leveraged to improve data processing workflows, and what are the limitations and ethical considerations to be aware of?",rag1.prompty,"### Role of AI and Machine Learning in Microsoft Fabric's Data Engineering

**Capabilities**:
1. **Automation and Optimization**: AI and ML can automate routine data processing tasks such as data cleansing, integration, and transformation which typically require significant manual effort.
2. **Predictive Analytics**: Leveraging historical data to forecast trends and behaviors, improving decision-making processes.
3. **Real-Time Analytics**: AI algorithms can analyze data streams in real time, enabling timely insights and actions.

### Leveraging AI and ML to Improve Data Processing Workflows

**Enhancements**:
1. **Increased Efficiency**: Automating the ETL (Extract, Transform, Load) processes reduces the time and cost associated with these operations.
2. **Improved Accuracy**: Machine learning models can be trained to detect and correct errors, ensuring data quality.
3. **Advanced Analytics**: Integration of AI tools allows for complex analysis like sentiment analysis or predictive modeling directly within the data platform.

### Limitations and Ethical Considerations

**Limitations**:
1. **Complexity and Skill Requirement**: Implementing sophisticated AI and ML models requires high expertise which can be a barrier for some organizations.
2. **Data Privacy**: AI and ML models require access to large volumes of data, which could include sensitive information, posing privacy issues.
3. **Dependence on Data Quality**: ML models are only as good as the data they train on. Poor data quality can lead to inaccurate outcomes.

**Ethical Considerations**:
1. **Bias in Data**: AI systems can perpetuate or even exacerbate biases if the training data is not representative or inherently biased.
2. **Transparency**: With complex models, it might become challenging to understand how decisions are being made, known as the ""black box"" issue.
3. **Job Displacement**: Automation through AI can lead to job displacement, raising social and economic concerns.

### Conclusion
While AI and machine learning integrate powerful capabilities into Microsoft Fabric's data engineering environment, enhancing efficiency and enabling advanced analytics, it is crucial to navigate the complexities and ethical challenges they introduce responsibly. Balancing innovation with ethical considerations and data privacy is key to leveraging these technologies effectively and sustainably.","What is Data engineering in Microsoft
Fabric?
Article• 05/23/2023
Data engineering in Microsoft Fabric enables users to design, build, and maintain
infrastructures and systems that enable their organizations to collect, store, process, and
analyze large volumes of data.
Microsoft Fabric provides various data engineering capabilities to ensure that your data
is easily accessible, well-organized, and of high-quality. From the data engineering
homepage, you can:
Create and manage your data using a lakehouse
Design pipelines to copy data into your lakehouse
Use Spark Job definitions to submit batch/streaming job to Spark cluster
Use notebooks to write code for data ingestion, preparation, and transformation
Lakehouses are data architectures that allow organizations to store and manage
structured and unstructured data in a single location, using various tools and
frameworks to process and analyze that data. This can include SQL-based queries andLakehouse end-to-end scenario:
overview and architecture
Article• 05/23/2023
Microsoft Fabric is an all-in-one analytics solution for enterprises that covers everything
from data movement to data science, real-time analytics, and business intelligence. It
offers a comprehensive suite of services, including data lake, data engineering, and data
integration, all in one place. For more information, see What is Microsoft Fabric?
This tutorial walks you through an end-to-end scenario from data acquisition to data
consumption. It helps you build a basic understanding of Fabric, including the different
experiences and how they integrate, as well as the professional and citizen developer
experiences that come with working on this platform. This tutorial isn't intended to be a
reference architecture, an exhaustive list of features and functionality, or a
recommendation of specific best practices.
Traditionally, organizations have been building modern data warehouses for theiranalytics, as well as machine learning and other advanced analytics techniques.
）  Important
Microsoft Fabric is currently in PREVIEW. This information relates to a prerelease
product that may be substantially modified before it's released. Microsoft makes no
warranties, expressed or implied, with respect to the information provided here.
Lakehouse",3ef9e94d-d22a-466d-a5a6-4e2069ccc812
9,"Critically assess the role of artificial intelligence and machine learning capabilities in Microsoft Fabric's data engineering environment. How can these capabilities be leveraged to improve data processing workflows, and what are the limitations and ethical considerations to be aware of?",rag2.prompty,"Microsoft Fabric integrates artificial intelligence (AI) and machine learning (ML) capabilities into its data engineering environment, which can significantly enhance data processing workflows. Here’s an assessment of the role, benefits, limitations, and ethical considerations of these capabilities in Microsoft Fabric:

### Benefits of AI and ML in Microsoft Fabric

1. **Automation and Efficiency**: AI can automate routine data operations such as data cleaning, transformation, and integration, which reduces manual effort and speeds up the process.
2. **Advanced Analytics**: ML models can be trained on large datasets stored within the lakehouse architecture, enabling more sophisticated data analysis, predictive analytics, and machine learning capabilities directly within the data environment.
3. **Real-Time Insights**: AI-enhanced tools allow for real-time data processing and analytics, which are crucial for timely decision-making in dynamic business environments.
4. **Enhanced Accuracy**: Machine learning algorithms can improve over time, learning from new data to refine their outputs, which enhances the accuracy and reliability of data insights.

### How to Leverage AI and ML

- **Data Cleaning and Preparation**: Use ML algorithms to automatically clean and prepare data for analysis, reducing errors and inconsistencies.
- **Predictive Analytics**: Implement predictive models to forecast trends and behaviors, which can be critical in strategic planning and operational adjustments.
- **Anomaly Detection**: Utilize AI to monitor data for unusual patterns or outliers that may indicate critical issues or opportunities.

### Limitations

- **Data Bias**: AI and ML models can inadvertently perpetuate or amplify biases present in the training data.
- **Complexity and Skill Requirements**: Developing and maintaining AI models typically require specialized knowledge and expertise, which can be a barrier for some organizations.
- **Dependency and Overreliance**: Over-reliance on automated systems can lead to vulnerabilities, particularly if these systems fail or are disrupted.
- **Cost**: Implementing and scaling AI and ML capabilities can be expensive, considering the computational resources and professional skills required.

### Ethical Considerations

- **Privacy**: AI and ML processes involve large volumes of data, some of which may be sensitive. It’s important to ensure data is handled securely to protect individual privacy.
- **Transparency**: Models should be designed to be as transparent as possible so that their decisions can be understood and validated, minimizing the risk of errors going unchecked.
- **Accountability**: There should be clear accountability for AI-driven decisions, especially in critical applications. Organizations must ensure they can explain and justify outcomes generated by machine learning models.

### Conclusion

While AI and ML integration in Microsoft Fabric offers tremendous potential to revolutionize data processing workflows, it's essential to manage these technologies thoughtfully. Balancing innovation with ethical considerations and practical limitations is key to leveraging AI and ML effectively in any data engineering strategy.","What is Data engineering in Microsoft
Fabric?
Article• 05/23/2023
Data engineering in Microsoft Fabric enables users to design, build, and maintain
infrastructures and systems that enable their organizations to collect, store, process, and
analyze large volumes of data.
Microsoft Fabric provides various data engineering capabilities to ensure that your data
is easily accessible, well-organized, and of high-quality. From the data engineering
homepage, you can:
Create and manage your data using a lakehouse
Design pipelines to copy data into your lakehouse
Use Spark Job definitions to submit batch/streaming job to Spark cluster
Use notebooks to write code for data ingestion, preparation, and transformation
Lakehouses are data architectures that allow organizations to store and manage
structured and unstructured data in a single location, using various tools and
frameworks to process and analyze that data. This can include SQL-based queries andLakehouse end-to-end scenario:
overview and architecture
Article• 05/23/2023
Microsoft Fabric is an all-in-one analytics solution for enterprises that covers everything
from data movement to data science, real-time analytics, and business intelligence. It
offers a comprehensive suite of services, including data lake, data engineering, and data
integration, all in one place. For more information, see What is Microsoft Fabric?
This tutorial walks you through an end-to-end scenario from data acquisition to data
consumption. It helps you build a basic understanding of Fabric, including the different
experiences and how they integrate, as well as the professional and citizen developer
experiences that come with working on this platform. This tutorial isn't intended to be a
reference architecture, an exhaustive list of features and functionality, or a
recommendation of specific best practices.
Traditionally, organizations have been building modern data warehouses for theiranalytics, as well as machine learning and other advanced analytics techniques.
）  Important
Microsoft Fabric is currently in PREVIEW. This information relates to a prerelease
product that may be substantially modified before it's released. Microsoft makes no
warranties, expressed or implied, with respect to the information provided here.
Lakehouse",3ef9e94d-d22a-466d-a5a6-4e2069ccc812
